path,breadcrumbTitle,pageTitle
/lovell-federal-health-care-tricare/work-with-us/internships-and-fellowships/post-baccalaureate-nurse-residency-program,Post-baccalaureate nurse residency program,Post-Baccalaureate Nurse Residency program
/lovell-federal-health-care-va/work-with-us/internships-and-fellowships/post-baccalaureate-nurse-residency-program,Post-baccalaureate nurse residency program,Post-Baccalaureate Nurse Residency program
/lovell-federal-health-care-tricare/programs/emergency-management-and-preparedness,Emergency preparedness,Emergency management and preparedness
/lovell-federal-health-care-va/programs/emergency-management-and-preparedness,Emergency preparedness,Emergency management and preparedness
/lovell-federal-health-care-tricare/programs/cafeteria-and-retail-services,Cafeteria and Retail Services,Cafeteria and retail services
/lovell-federal-health-care-va/programs/cafeteria-and-retail-services,Cafeteria and Retail Services,Cafeteria and retail services
/durham-health-care/health-services/homeless-veteran-care,Homeless Veteran care,Homeless Veteran Program
/durham-health-care/chaplain-services,Chaplain services,Chaplain Services
/durham-health-care/programs/covid-19-vaccines,COVID-19 vaccines,COVID-19 Vaccine
/birmingham-health-care/about-us/mission-and-vision,Mission and vision,Mission and Vision
/atlanta-health-care/dav-vans-transportation-for-veterans,DAV Vans: transportation for Veterans,DAV Vans: Transportation for Veterans
/north-texas-health-care/programs/covid-19-vaccines,COVID-19 vaccines,COVID-19 vaccines and testing
/mountain-home-health-care/work-with-us/internships-and-fellowships,Internships and fellowships,Internships
/durham-health-care/work-with-us/internships-and-fellowships/greenville-hcc-stipend-residents,Greenville HCC Stipend Residents,Greenville Health Care Center Residents & Trainees
/portland-health-care/work-with-us/internships-and-fellowships/greetings-from-the-directors-of-training-how-to-apply-link,Greetings from the directors of training - how to apply - link,Greetings from the directors of training – how to apply - link
/birmingham-health-care/research/for-researchers,For Researchers,Research Submission Process
/portland-health-care/programs/low-vision-clinic-at-portland-va-medical-center,Low Vision Clinic at Portland VA Medical Center,Low Vision Clinic
/north-texas-health-care/programs/prevention-of-amputation-in-veterans-everywhere,PAVE Program,Prevention of amputation in Veterans everywhere
/charleston-health-care/programs/parking,Main Facility Parking,Parking
/portland-health-care/work-with-us/internships-and-fellowships/residents-and-fellows,Internships and fellowships,Graduate Medical Education
/augusta-health-care/programs/primary-care-mental-health-integration,Primary Care Mental Health,Primary Care Mental Health Integration
/birmingham-health-care/programs/discharge-plan-and-checklist/what-to-eat-before-and-after-surgery,Learning What To Eat,What to eat before and after surgery
/birmingham-health-care/programs/eating-to-heal,Eating to Heal,Learning what to eat
/birmingham-health-care/programs/bvahcs-dental-providers,Dental,Dental Providers
/birmingham-health-care/programs/grecc,GRECC,GRECC Providers
/birmingham-health-care/programs/geriatric,Geriatric,Geriatric Providers
/birmingham-health-care/programs/gechome-based-primary-care,GEC/Home Based Primary Care,GEC/Home Based Primary Care Providers
/birmingham-health-care/programs/general-internal-medicine,General Internal Medicine,General Internal Medicine Providers
/birmingham-health-care/programs/hematology-oncology,Hematology / Oncology,Hematology / Oncology Providers
/birmingham-health-care/programs/hospitalist,Hospitalist,Hospitalist Providers
/durham-health-care/health-services/caregiver-support,Caregiver support,Caregiver Support
/north-texas-health-care/work-with-us/internships-and-fellowships/general-practice-residency-in-dentistry,GPR,General Practice Residency in Dentistry
/birmingham-health-care/programs/bvahcs-providers,BVAHCS Providers,Birmingham VA Providers
/birmingham-health-care/programs/patient-education,Patient Education,Patient Education for procedures
/birmingham-health-care/programs/new-beneficiary-travel-claims-procedures,NEW Beneficiary Travel Claims Procedures,Beneficiary Travel Claims Procedures
/walla-walla-health-care/health-services/women-veteran-care,Women Veteran Care,Women Veteran care
/washington-dc-health-care/programs/liver-and-kidney-transplant-program,Liver and Kidney Transplant Program,Liver and Kidney Transplant Service
/northern-california-health-care/programs/sacramento-valley-engineering-construction-updates,Engineering construction updates,Sacramento valley engineering construction updates
/northern-california-health-care/work-with-us/doing-business-with-us/community-care-provider-resources,Community Care Provider Resources,Community care provider resources
/iowa-city-health-care/health-services/returning-service-member-care,Returning service member care,Post-9/11 Military2VA (M2VA) Case Management Program
/washington-dc-health-care/about-us/mission-and-vision,Mission and vision,Mission and Vision
/erie-health-care/programs/covid-19-vaccines,COVID-19 vaccines,COVID-19 vaccines and testing
/birmingham-health-care/programs/salary-and-other-benefits,Salary and Other Benefits,Salary and Benefits
/bronx-health-care/programs/comprehensive-integrated-inpatient-rehabilitation-program-ciirp,Comprehensive integrated inpatient rehabilitation program (CIIRP),Comprehensive Integrated Inpatient Rehabilitation Program (CIIRP)
/atlanta-health-care/chaplain-services,Chaplain services,Chaplain Services
/puget-sound-health-care/programs/epilepsy-center-of-excellence,Epilepsy Center of Excellence,Epilepsy center of excellence
/north-texas-health-care/work-with-us/doing-business-with-us/va-north-texas-wayfinding-maps,Wayfinding maps,VA North Texas wayfinding maps
/walla-walla-health-care/health-services/homeless-veteran-care,Homeless Veteran Care,Homeless Veteran care
/walla-walla-health-care/health-services/suicide-prevention,Suicide Prevention,Suicide prevention
/washington-dc-health-care/health-services/women-veteran-care,Women Veteran care,Women Veteran Care
/texas-valley-health-care/dav-vans-transportation-for-veterans,DAV vans: Transportation for Veterans,Transportation for Veterans
/atlanta-health-care/programs/covid-19-vaccines,COVID-19 vaccines,COVID-19 Vaccines and Testing
/north-texas-health-care/chaplain-services,Chaplain services,VA North Texas Chaplain services
/walla-walla-health-care/work-with-us,Work With Us,Work with us
/walla-walla-health-care/work-with-us/jobs-and-careers,Jobs and Careers,Jobs and careers
/northern-california-health-care/work-with-us/internships-and-fellowships/general-practice-residency-in-dentistry,General Practice Residency in Dentistry,General practice residency in dentistry
/durham-health-care/about-us,About us,About Us
